Cluster,SNPS
1,rs9326002
6,rs7841082
1,rs12023991
1,rs6698823
3,rs2163379
1,rs2951378
1,rs181510787
1,rs9679548
4,rs1469598
4,rs11672345
1,rs142570322
2,rs1077140
5,rs2014830
3,rs11857376
5,rs201273127
1,rs2495981
4,rs36022917
1,rs35060600
5,rs2409814
2,rs16888094
1,rs11031376
4,rs4865490
1,rs63031764
1,rs56141743
1,rs2945248
5,rs12001437
1,rs7003840
2,rs7560795
2,rs17040284
2,rs227733
2,rs834233
1,rs376852830
2,rs17012632
2,rs78999781
4,rs1541988
2,rs7231186
6,rs12425739
2,rs9930333
3,rs35015902
5,rs2248264
1,rs6780522
3,rs112704252
6,rs12104955
1,rs6092951
5,rs72979233
2,rs113974433
5,rs2921084
5,rs2070992
1,rs11737109
1,rs60198058
5,rs12366388
1,rs2569507
5,rs68164957
6,rs17677555
1,rs77477115
1,rs835941
5,rs3117212
5,rs11752730
4,rs77872956
2,rs2054349
6,rs9357448
1,rs67849263
2,rs7523361
3,rs11687758
1,rs549288
5,rs6992403
5,rs396902
3,rs4978572
3,rs2735307
5,rs7843880
4,rs11774353
5,rs17566944
2,rs4714872
3,rs2976909
6,rs6986032
1,rs989134
3,rs72837097
5,rs11105401
4,rs11713019
5,rs142415291
5,rs12133235
1,rs1706475
2,rs12677326
2,rs2061705
2,rs233808
2,rs1767790
6,rs11668706
6,rs7423567
6,rs10737249
4,rs28572014
4,rs561513237
2,rs224354
1,rs8129303
1,rs8057044
5,rs11642136
6,rs528095054
5,rs6690939
2,rs2367622
4,rs62003663
1,rs2001433
6,rs4671016
6,rs329988
1,rs56203712
5,rs540577666
5,rs11107182
3,rs112944916
3,rs1975746
1,rs2187114
5,rs8045332
6,rs57645187
4,rs7821006
6,rs2178687
2,rs115867555
1,rs62210591
6,rs7001281
6,rs399123
2,rs2929477
5,rs4840601
2,rs1915701
2,rs17406518
1,rs1719382
5,rs79926367
6,rs2861618
1,rs13129308
6,rs3755380
1,rs2126266
1,rs7386213
2,rs7641192
6,rs1126511
2,rs736037
1,rs2239551
6,rs13265046
2,rs555334082
1,rs59028984
2,rs1064767
2,rs7727124
1,rs17885305
6,rs712272
2,rs7590031
1,rs13073435
5,rs10947428
2,rs71518555
1,rs8037798
1,rs4804528
2,rs2044387
5,rs2567705
5,rs72692834
1,rs8128364
2,rs4073716
6,rs2673420
2,rs200133052
5,rs4533828
5,rs2460457
4,rs11749451
3,rs1050863
3,rs12354087
5,rs4371620
1,rs28565473
5,rs2275003
5,rs11986122
1,rs3771510
5,rs4841407
5,rs9488836
2,rs111731821
4,rs9892622
1,rs13084037
3,rs2297600
5,rs2246118
1,rs317650
4,rs12516404
5,rs4224
1,rs112106588
4,rs2518796
5,rs2289865
5,rs13394110
5,rs138454459
5,rs1510934
4,rs1897112
5,rs6476839
5,rs10420809
3,rs10767898
1,rs1825100
3,rs785113
3,rs12994367
4,rs1718682
4,rs11250005
5,rs1835323
4,rs201199432
1,rs13007222
3,rs2572440
4,rs11057203
5,rs4841662
5,rs9915112
4,rs2003485
5,rs10218792
3,rs7009586
3,rs12354077
5,rs7169261
5,rs7836059
5,rs6707016
