Activities,"Medication for cholesterol, blood pressure or diabetes: Cholesterol lowering medication",1
Activities,"Medication for cholesterol, blood pressure, diabetes, or take exogenous hormones: Blood pressure medication",1
Activities,"Medication for cholesterol, blood pressure, diabetes, or take exogenous hormones: Cholesterol lowering medication",1
Activities,Treatment/medication code: simvastatin,1
Activities,Use of sun/uv protection,2
Activities,Years since last cervical smear test (female),1
Cardiovascular,Coronary artery disease,1
Cardiovascular,Coronary artery disease (SOFT definition including angina),1
Cardiovascular,Diastolic Blood Pressure (automated reading),1
Cardiovascular,High blood pressure,1
Cardiovascular,"Non-cancer illness code, self-reported: hypertension",1
Cardiovascular,Pulse rate (automated reading),1
Cardiovascular,Vascular/heart problems diagnosed by doctor: High blood pressure,1
Cell,CAMK1 - Calcium/calmodulin-dependent protein kinase type 1,1
Cell,F5 - Coagulation Factor V,1
Cell,TFPI - Tissue factor pathway inhibitor,1
Dermatological,Ease of skin tanning,2
Dermatological,"Hair colour (natural, before greying): Red",2
Dermatological,Skin colour,2
Endocrine,Thyroid-stimulating hormone,1
Endocrine,Thyroid-stimulating hormone (female),1
Endocrine,Thyroid-stimulating hormone (male),1
Endocrine,Type 2 Diabetes,2
Endocrine,Type 2 Diabetes (adjusted for BMI),1
Environment,Illnesses of father: Heart disease,1
Environment,Illnesses of mother: Diabetes,1
Environmental,Antithrombotic agents,1
Environmental,HMG CoA reductase inhibitors,1
Environmental,Salicylic acid and derivatives,1
Gastrointestinal,Diagnoses - main ICD10: K57 Diverticular disease of intestine,1
Gastrointestinal,Diagnoses - secondary ICD10: K57 Diverticular disease of intestine,1
Gastrointestinal,Diverticular disease,2
Immunological,Basophil count (three-way meta),1
Immunological,Cutaneous T-cell attracting (CCL27),1
Immunological,Granulocyte count (three-way meta),1
Immunological,Granulocyte count (two-way meta),1
Immunological,Granulocyte percentage of myeloid white cells (three-way meta),1
Immunological,Granulocyte percentage of myeloid white cells (two-way meta),1
Immunological,Hematocrit,1
Immunological,Hematocrit (three-way meta),1
Immunological,Hematocrit (two-way meta),1
Immunological,Hemoglobin concentration (three-way meta),1
Immunological,Hemoglobin concentration (two-way meta),1
Immunological,Mean corpuscular volume,1
Immunological,Monocyte count,1
Immunological,Monocyte count (three-way meta),1
Immunological,Monocyte count (two-way meta),1
Immunological,Monocyte percentage of white cells (three-way meta),1
Immunological,Monocyte percentage of white cells (two-way meta),1
Immunological,Myeloid white cell count (three-way meta),1
Immunological,Myeloid white cell count (two-way meta),1
Immunological,Neutrophil count (three-way meta),1
Immunological,Red blood cell count (three-way meta),1
Immunological,Red blood cell count (two-way meta),1
Immunological,Stem cell factor,1
Immunological,Stem cell growth factor beta,1
Immunological,Sum basophil neutrophil count (three-way meta),1
Immunological,Sum basophil neutrophil count (two-way meta),1
Immunological,Sum neutrophil eosinophil count (three-way meta),1
Immunological,Sum neutrophil eosinophil count (two-way meta),1
Immunological,White blood cell count,1
Immunological,White blood cell count (three-way meta),1
Immunological,White blood cell count (two-way meta),1
Metabolic,::::X-11491,1
Metabolic,Activated partial thromboplastin time,1
Metabolic,Alanine aminotransferase,1
Metabolic,Amino acid::Phenylalanine & tyrosine metabolism::X-11423--O-sulfo-L-tyrosine,1
Metabolic,Blood urea nitrogen,1
Metabolic,Concentration of IDL particles ,1
Metabolic,Concentration of very small VLDL particles ,1
Metabolic,Creatine kinase,1
Metabolic,Glycine ,1
Metabolic,Glycine level,2
Metabolic,Glycine level (male),1
Metabolic,Impedance measures - Arm fat percentage (left),3
Metabolic,Impedance measures - Arm fat percentage (right),3
Metabolic,Impedance measures - Arm fat-free mass (left),3
Metabolic,Impedance measures - Arm fat-free mass (right),3
Metabolic,Impedance measures - Arm predicted mass (left),3
Metabolic,Impedance measures - Arm predicted mass (right),3
Metabolic,Impedance measures - Basal metabolic rate,2
Metabolic,Impedance measures - Body fat percentage,2
Metabolic,Impedance measures - Impedance of arm (left),1
Metabolic,Impedance measures - Impedance of arm (right),1
Metabolic,Impedance measures - Leg fat percentage (left),2
Metabolic,Impedance measures - Leg fat percentage (right),2
Metabolic,Impedance measures - Leg fat-free mass (left),2
Metabolic,Impedance measures - Leg fat-free mass (right),2
Metabolic,Impedance measures - Leg predicted mass (left),2
Metabolic,Impedance measures - Leg predicted mass (right),2
Metabolic,Impedance measures - Trunk fat-free mass,3
Metabolic,Impedance measures - Trunk predicted mass,3
Metabolic,Impedance measures - Whole body fat-free mass,2
Metabolic,Impedance measures - Whole body water mass,2
Metabolic,Lactate dehydrogenase,1
Metabolic,Legs-leg fat ratio (male),1
Metabolic,Low-density lipoprotein cholesterol,1
Metabolic,Non-albumin protein,1
Metabolic,"Non-cancer illness code, self-reported: high cholesterol",1
Metabolic,Peptide::Fibrinogen cleavage peptide::ADSGEGDFXAEGGGVR*,1
Metabolic,Peptide::Fibrinogen cleavage peptide::ADpSGEGDFXAEGGGVR*,1
Metabolic,Phospholipids in very small VLDL ,1
Metabolic,Prothrombin time,3
Metabolic,Total cholesterol,2
Metabolic,Total cholesterol in IDL ,1
Metabolic,Total lipids in IDL ,1
Metabolic,Total lipids in very small VLDL ,1
Metabolic,Trunk-trunk fat ratio (male),1
Metabolic,"Waist-hip ratio (adjusted for BMI, male)",1
Metabolic,Waist-hip ratio (male),1
Mortality,Diagnoses - secondary ICD10: Z86 Personal history of certain other diseases,2
Mortality,Diagnoses - secondary ICD10: Z92 Personal history of medical treatment,1
Respiratory,"Blood clot, DVT, bronchitis, emphysema, asthma, rhinitis, eczema, allergy diagnosed by doctor: Hayfever, allergic rhinitis or eczema",1
Respiratory,FEV1,2
Respiratory,PEF,2
Skeletal,Estimated BMD,1
Skeletal,Estimated bone mineral density from heel ultrasounds,1
Skeletal,Heel bone mineral density,1
Skeletal,Height,2
Skeletal,Sitting height,2
Skeletal,Standing height,3
Social Interactions,Social support - Leisure/social activities: Religious group,1
