SNV,EA,NEA
rs11588154,T,G
rs4411121,T,C
rs1327123,C,G
rs11588850,A,G
rs74676797,A,G
rs66989638,A,G
rs2276749,T,C
rs62242105,A,G
rs781661531,T,C
rs747952496,A,G
rs9835230,A,G
rs11729628,T,G
rs75686861,A,G
rs2066928,A,G
rs56132153,A,C
rs1560080,A,G
rs17615906,T,C
rs10062749,T,G
rs9396861,A,C
rs2038740,T,C
rs116934101,A,G
rs12667224,A,G
rs571734653,A,C
rs7787744,A,G
rs76340814,A,G
rs79895530,T,C
rs7862601,A,G
rs10983775,T,C
rs10465114,A,G
rs3740129,A,G
rs10824456,C,G
rs3993110,A,C
rs1631174,A,C
rs72979233,A,G
rs10831475,A,G
rs10842226,A,G
rs7967762,T,C
rs1426371,A,G
rs58973023,A,T
rs28929474,T,C
rs12914479,C,G
rs6500609,C,G
rs227732,T,C
rs9908159,T,C
rs551471509,T,C
rs8112559,C,G
rs9981884,A,G
rs11705555,A,C
rs12160491,A,G
rs11164653,T,C
rs10797923,T,C
rs2605100,A,G
rs7581446,T,C
rs3771501,A,G
rs62182810,A,G
rs3774354,A,G
rs1530586,T,C
rs1913707,A,G
rs13107325,T,C
rs3884606,A,G
rs79220007,T,C
rs2856821,T,C
rs17288390,T,C
rs9475400,T,C
rs12209223,A,C
rs111844273,A,G
rs143083812,T,C
rs11984666,A,C
rs10974438,A,C
rs72760655,A,C
rs1330349,C,G
rs1321917,C,G
rs62578126,T,C
rs1517572,A,C
rs67924081,A,G
rs34560402,T,C
rs1149620,A,T
rs7294636,A,G
rs10843013,A,C
rs17120227,T,C
rs7953280,C,G
rs1809889,T,C
rs4380013,A,G
rs11071366,A,T
rs12908498,C,G
rs9940278,T,C
rs34195470,A,G
rs216175,A,C
rs7212908,A,G
rs2716212,A,G
rs10405617,A,G
rs75621460,A,G
rs4252548,T,C
rs143384,A,G
rs9981408,T,G
rs116112221,T,C
rs10282983,T,C
rs10453201,T,C
rs148693048,T,C
